Release Name,Release Date,Release Time,App Version
argo-cd-7.8.14,2025-03-25,00:08:57,v2.14.8
argo-rollouts-2.39.3,2025-03-23,12:51:36,v1.8.2
argo-rollouts-2.39.2,2025-03-21,07:13:50,v1.8.1
argo-cd-7.8.13,2025-03-19,18:35:57,v2.14.7
argo-cd-7.8.12,2025-03-18,16:35:25,v2.14.6
argo-cd-7.8.11,2025-03-15,08:35:05,v2.14.5
argo-rollouts-2.39.1,2025-03-13,14:56:21,v1.8.0
argo-events-2.4.14,2025-03-13,14:59:31,v1.9.5
argo-workflows-0.45.11,2025-03-11,11:52:08,v3.6.5
argo-cd-7.8.10,2025-03-11,07:25:23,v2.14.5
argo-cd-7.8.9,2025-03-08,06:30:05,v2.14.4
argo-workflows-0.45.10,2025-03-06,12:00:38,v3.6.4
argo-cd-7.8.8,2025-03-05,00:15:58,v2.14.4
argo-workflows-0.45.9,2025-03-03,06:08:58,v3.6.4
argo-cd-7.8.7,2025-03-01,03:07:42,v2.14.3
argo-cd-7.8.6,2025-02-28,21:33:58,v2.14.3
argo-workflows-0.45.8,2025-02-24,09:32:08,v3.6.4
argo-cd-7.8.5,2025-02-23,21:45:52,v2.14.2
argo-cd-7.8.4,2025-02-21,16:03:22,v2.14.2
argo-cd-7.8.3,2025-02-20,00:42:29,v2.14.2
argo-workflows-0.45.7,2025-02-15,10:11:36,v3.6.4
argo-workflows-0.45.6,2025-02-10,14:30:33,v3.6.4
argo-workflows-0.45.5,2025-02-08,05:59:05,v3.6.3
argo-cd-7.8.2,2025-02-06,10:35:47,v2.14.2
argo-cd-7.8.1,2025-02-06,10:07:58,v2.14.2
argo-cd-7.8.0,2025-02-04,11:26:11,v2.14.1
argo-cd-7.7.23,2025-02-03,09:39:31,v2.13.4
argo-rollouts-2.39.0,2025-01-31,01:54:56,v1.8.0
argo-cd-7.7.22,2025-01-29,22:47:19,v2.13.4
argo-cd-7.7.21,2025-01-28,09:58:06,v2.13.3
argo-cd-7.7.20,2025-01-28,08:14:34,v2.13.3
argo-cd-7.7.19,2025-01-28,08:00:25,v2.13.3
argo-cd-7.7.18,2025-01-27,15:32:10,v2.13.3
argocd-image-updater-0.12.0,2025-01-25,13:31:56,v0.15.2
argo-cd-7.7.17,2025-01-24,13:04:38,v2.13.3
argo-cd-7.7.16,2025-01-14,10:17:50,v2.13.3
argo-events-2.4.13,2025-01-11,10:22:47,v1.9.5
argo-workflows-0.45.4,2025-01-10,10:23:52,v3.6.2
argo-cd-7.7.15,2025-01-10,07:18:13,v2.13.3
argo-events-2.4.12,2025-01-08,08:37:01,v1.9.4
argocd-image-updater-0.11.4,2025-01-07,07:04:30,v0.15.2
argo-cd-7.7.14,2025-01-07,12:02:49,v2.13.3
argo-events-2.4.11,2025-01-04,14:02:19,v1.9.3
argo-cd-7.7.13,2025-01-04,00:07:55,v2.13.3
argo-workflows-0.45.3,2025-01-03,15:16:16,v3.6.2
argo-rollouts-2.38.2,2025-01-03,14:07:45,v1.7.2
argo-cd-7.7.12,2025-01-02,06:18:17,v2.13.2
argo-events-2.4.10,2024-12-31,12:18:02,v1.9.3
argo-rollouts-2.38.1,2024-12-30,17:19:34,v1.7.2
argo-cd-7.7.11,2024-12-21,12:06:50,v2.13.2
argo-workflows-0.45.2,2024-12-16,21:31:29,v3.6.2
argocd-image-updater-0.11.3,2024-12-13,11:27:43,v0.15.1
argo-cd-7.7.10,2024-12-12,05:33:28,v2.13.2
argo-cd-7.7.9,2024-12-11,15:36:30,v2.13.1
argo-cd-7.7.8,2024-12-09,09:17:31,v2.13.1
argo-workflows-0.45.1,2024-12-02,17:39:46,v3.6.2
argo-cd-7.7.7,2024-12-02,14:20:02,v2.13.1
argo-cd-7.7.6,2024-11-28,00:42:14,v2.13.1
argo-events-2.4.9,2024-11-27,20:44:06,v1.9.3
argo-workflows-0.45.0,2024-11-22,15:20:08,v3.6.0
argo-workflows-0.44.1,2024-11-22,11:40:45,v3.6.0
argo-workflows-0.44.0,2024-11-21,08:59:15,v3.6.0
argo-workflows-0.43.0,2024-11-21,08:27:21,v3.6.0
argo-rollouts-2.38.0,2024-11-21,13:03:08,v1.7.2
argo-cd-7.7.5,2024-11-21,12:43:12,v2.13.1
argo-cd-7.7.4,2024-11-20,20:48:11,v2.13.1
argo-cd-7.7.3,2024-11-13,10:57:32,v2.13.0
argo-cd-7.7.2,2024-11-12,16:28:52,v2.13.0
argo-cd-7.7.1,2024-11-10,01:42:21,v2.13.0
argocd-image-updater-0.11.2,2024-11-09,03:44:12,v0.15.1
argo-rollouts-2.37.8,2024-11-07,23:17:48,v1.7.2
argo-cd-7.7.0,2024-11-05,00:00:06,v2.13.0
argo-workflows-0.42.7,2024-11-01,23:24:01,v3.5.12
argocd-image-updater-0.11.1,2024-10-30,10:40:35,v0.15.0
argo-workflows-0.42.6,2024-10-30,13:24:53,v3.5.12
argo-cd-7.6.12,2024-10-18,19:27:20,v2.12.6
argo-cd-7.6.11,2024-10-18,07:16:30,v2.12.5
argo-cd-7.6.10,2024-10-16,12:00:46,v2.12.4
argo-cd-7.6.9,2024-10-15,20:16:09,v2.12.4
argo-cd-7.6.8,2024-10-03,13:53:23,v2.12.4
argo-workflows-0.42.5,2024-10-02,00:47:02,v3.5.11
argocd-apps-2.0.2,2024-10-01,06:03:45,
argo-cd-7.6.7,2024-09-30,18:24:52,v2.12.4
argo-cd-7.6.6,2024-09-30,12:25:12,v2.12.4
argo-workflows-0.42.4,2024-09-27,09:57:14,v3.5.11
argo-cd-7.6.5,2024-09-26,07:42:42,v2.12.4
argo-cd-7.6.4,2024-09-25,22:05:12,v2.12.3
argo-cd-7.6.3,2024-09-25,15:18:12,v2.12.3
argo-cd-7.6.2,2024-09-23,17:27:28,v2.12.3
argo-workflows-0.42.3,2024-09-20,15:08:40,v3.5.11
argo-events-2.4.8,2024-09-20,00:10:14,v1.9.2
argo-cd-7.6.1,2024-09-20,11:24:11,v2.12.3
argo-cd-7.6.0,2024-09-20,07:59:20,v2.12.3
argo-rollouts-2.37.7,2024-09-16,13:38:21,v1.7.2
argo-workflows-0.42.2,2024-09-13,14:02:16,v3.5.10
argocd-apps-2.0.1,2024-09-10,21:55:59,
argo-cd-7.5.2,2024-09-02,15:33:28,v2.12.3
argo-cd-7.5.1,2024-09-02,08:59:12,v2.12.3
argo-workflows-0.42.1,2024-09-01,15:06:01,v3.5.10
argo-rollouts-2.37.6,2024-08-31,10:13:12,v1.7.2
argo-cd-7.5.0,2024-08-28,15:27:35,v2.12.3
argo-cd-7.4.7,2024-08-27,13:30:34,v2.12.3
argo-cd-7.4.6,2024-08-27,08:49:06,v2.12.2
argo-cd-7.4.5,2024-08-23,08:51:19,v2.12.2
argo-workflows-0.42.0,2024-08-20,19:07:24,v3.5.10
argo-cd-7.4.4,2024-08-16,21:36:53,v2.12.1
argo-rollouts-2.37.5,2024-08-14,08:31:31,v1.7.2
argo-rollouts-2.37.4,2024-08-12,09:08:55,v1.7.1
argo-cd-7.4.3,2024-08-12,15:29:49,v2.12.0
argo-cd-7.4.2,2024-08-08,15:02:24,v2.12.0
argo-cd-7.4.1,2024-08-06,10:14:35,v2.12.0
argo-cd-7.4.0,2024-08-05,15:22:06,v2.12.0
argo-workflows-0.41.14,2024-08-02,10:42:56,v3.5.10
argo-workflows-0.41.13,2024-08-01,07:19:01,v3.5.10
argo-workflows-0.41.12,2024-07-30,07:39:23,v3.5.9
argo-rollouts-2.37.3,2024-07-29,07:25:40,v1.7.1
argo-cd-7.3.11,2024-07-24,11:44:52,v2.11.7
argo-cd-7.3.10,2024-07-22,17:14:41,v2.11.6
argo-cd-7.3.9,2024-07-19,10:23:10,v2.11.5
argo-cd-7.3.8,2024-07-17,23:52:54,v2.11.5
argo-cd-7.3.7,2024-07-16,01:17:05,v2.11.5
argo-cd-7.3.6,2024-07-11,23:05:06,v2.11.4
argo-cd-7.3.5,2024-07-10,21:01:22,v2.11.4
argocd-image-updater-0.11.0,2024-07-09,21:31:56,v0.14.0
argo-cd-7.3.4,2024-07-02,20:43:46,v2.11.4
argo-rollouts-2.37.2,2024-07-01,10:02:31,v1.7.1
argo-cd-7.3.3,2024-06-28,21:52:33,v2.11.3
argo-rollouts-2.37.1,2024-06-26,10:39:20,v1.7.1
argo-rollouts-2.37.0,2024-06-26,09:10:19,v1.7.1
argo-events-2.4.7,2024-06-26,05:28:07,v1.9.2
argo-cd-7.3.2,2024-06-26,11:29:01,v2.11.3
argo-rollouts-2.36.2,2024-06-25,13:04:55,v1.7.0
argo-cd-7.3.1,2024-06-25,12:26:06,v2.11.3
argo-cd-7.3.0,2024-06-25,03:48:21,v2.11.3
argo-rollouts-2.36.1,2024-06-22,10:11:43,v1.7.0
argo-cd-7.2.1,2024-06-21,21:01:50,v2.11.3
argo-cd-7.2.0,2024-06-20,10:25:45,v2.11.3
argo-workflows-0.41.11,2024-06-19,07:01:05,v3.5.8
argo-cd-7.1.5,2024-06-19,14:04:21,v2.11.3
argo-workflows-0.41.10,2024-06-18,07:47:04,v3.5.8
argo-cd-7.1.4,2024-06-18,01:13:46,v2.11.3
argo-workflows-0.41.9,2024-06-17,18:59:46,v3.5.7
argocd-image-updater-0.10.2,2024-06-14,07:54:15,v0.13.1
argo-rollouts-2.36.0,2024-06-14,09:00:46,v1.7.0
argo-events-2.4.6,2024-06-14,05:09:08,v1.9.2
argo-workflows-0.41.8,2024-06-09,22:18:37,v3.5.7
argo-cd-7.1.3,2024-06-09,05:23:01,v2.11.3
argo-cd-7.1.2,2024-06-06,10:51:51,v2.11.3
argo-cd-7.1.1,2024-06-01,23:45:19,v2.11.2
argo-cd-7.1.0,2024-05-31,12:05:08,v2.11.2
argocd-image-updater-0.10.1,2024-05-28,05:32:50,v0.13.1
argo-cd-7.0.0,2024-05-28,13:38:40,v2.11.2
argo-workflows-0.41.7,2024-05-27,08:09:42,v3.5.7
argo-events-2.4.5,2024-05-24,03:05:11,v1.9.1
argo-rollouts-2.35.3,2024-05-23,07:30:12,v1.6.6
argo-cd-6.11.1,2024-05-23,15:37:21,v2.11.2
argo-cd-6.11.0,2024-05-23,12:37:05,v2.11.1
argo-cd-6.10.2,2024-05-22,11:21:15,v2.11.1
argo-cd-6.10.1,2024-05-22,07:17:23,v2.11.1
argo-cd-6.10.0,2024-05-21,16:36:49,v2.11.1
argo-workflows-0.41.6,2024-05-19,10:22:36,v3.5.6
argo-workflows-0.41.5,2024-05-19,07:34:43,v3.5.6
argo-cd-6.9.3,2024-05-17,15:18:31,v2.11.0
argocd-image-updater-0.10.0,2024-05-16,11:07:10,v0.13.0
argo-cd-6.9.2,2024-05-14,15:17:50,v2.11.0
argo-cd-6.9.1,2024-05-13,22:59:29,v2.11.0
argo-cd-6.9.0,2024-05-13,04:32:05,v2.11.0
argo-cd-6.8.1,2024-05-10,08:32:52,v2.11.0
argo-cd-6.8.0,2024-05-08,06:21:31,v2.11.0
argo-rollouts-2.35.2,2024-05-06,00:24:30,v1.6.6
argo-workflows-0.41.4,2024-05-01,13:37:43,v3.5.6
argo-cd-6.7.18,2024-04-30,17:14:22,v2.10.9
argo-workflows-0.41.3,2024-04-29,20:30:08,v3.5.6
argo-cd-6.7.17,2024-04-26,19:36:10,v2.10.8
argo-cd-6.7.16,2024-04-26,14:21:35,v2.10.8
argo-cd-6.7.15,2024-04-24,07:08:13,v2.10.7
argo-cd-6.7.14,2024-04-21,20:54:29,v2.10.7
argo-workflows-0.41.2,2024-04-20,04:55:21,v3.5.6
argo-cd-6.7.13,2024-04-19,14:07:44,v2.10.7
argocd-image-updater-0.9.7,2024-04-18,21:41:42,v0.12.2
argo-cd-6.7.12,2024-04-15,10:43:13,v2.10.7
argo-cd-6.7.11,2024-04-10,20:06:04,v2.10.6
argo-cd-6.7.10,2024-04-05,05:00:08,v2.10.6
argo-cd-6.7.9,2024-04-04,18:47:39,v2.10.5
argo-workflows-0.41.1,2024-04-02,17:26:26,v3.5.5
argo-cd-6.7.8,2024-04-02,13:36:54,v2.10.5
argo-cd-6.7.7,2024-04-02,05:03:54,v2.10.5
argo-cd-6.7.6,2024-03-29,16:13:47,v2.10.5
argo-cd-6.7.5,2024-03-29,08:13:55,v2.10.5
argo-cd-6.7.4,2024-03-28,17:30:11,v2.10.5
argo-rollouts-2.35.1,2024-03-26,08:36:07,v1.6.6
argo-workflows-0.41.0,2024-03-24,20:27:11,v3.5.5
argocd-apps-2.0.0,2024-03-23,15:39:16,
argo-rollouts-2.35.0,2024-03-23,20:47:25,v1.6.6
argo-events-2.4.4,2024-03-23,11:07:16,v1.9.1
argo-rollouts-2.34.4,2024-03-22,16:10:10,v1.6.6
argocd-image-updater-0.9.6,2024-03-20,23:53:18,v0.12.2
argo-cd-6.7.3,2024-03-18,09:36:58,v2.10.4
argo-cd-6.7.2,2024-03-13,20:46:14,v2.10.3
argo-cd-6.7.1,2024-03-11,23:08:40,v2.10.2
argo-cd-6.7.0,2024-03-11,18:26:24,v2.10.2
argo-workflows-0.40.14,2024-03-03,19:13:02,v3.5.5
argo-cd-6.6.0,2024-03-02,11:20:32,v2.10.2
argocd-image-updater-0.9.5,2024-03-01,08:41:39,v0.12.2
argo-workflows-0.40.13,2024-03-01,17:17:28,v3.5.5
argo-workflows-0.40.12,2024-03-01,00:03:01,v3.5.5
argo-cd-6.5.1,2024-03-01,22:33:17,v2.10.2
argo-cd-6.5.0,2024-02-29,19:46:25,v2.10.1
argo-cd-6.4.1,2024-02-28,06:28:55,v2.10.1
argocd-apps-1.6.2,2024-02-25,13:11:58,
argo-cd-6.4.0,2024-02-25,12:47:16,v2.10.1
argo-cd-6.3.1,2024-02-23,18:05:37,v2.10.1
argo-cd-6.3.0,2024-02-23,14:18:18,v2.10.1
argo-cd-6.2.5,2024-02-23,13:58:38,v2.10.1
argo-cd-6.2.4,2024-02-23,12:16:07,v2.10.1
argo-cd-6.2.3,2024-02-20,12:05:21,v2.10.1
argo-cd-6.2.2,2024-02-20,11:41:51,v2.10.1
argo-cd-6.2.1,2024-02-19,08:37:59,v2.10.1
argocd-image-updater-0.9.4,2024-02-18,18:44:43,v0.12.2
argo-cd-6.2.0,2024-02-18,22:06:45,v2.10.1
argo-workflows-0.40.11,2024-02-17,09:14:52,v3.5.4
argo-cd-6.1.0,2024-02-16,14:45:12,v2.10.1
argo-rollouts-2.34.3,2024-02-14,08:50:21,v1.6.6
argo-events-2.4.3,2024-02-14,08:53:00,v1.9.1
argo-cd-6.0.14,2024-02-14,21:04:43,v2.10.1
argo-cd-6.0.13,2024-02-14,10:52:49,v2.10.0
argo-cd-6.0.9,2024-02-13,11:14:02,v2.10.0
argo-cd-6.0.8,2024-02-13,08:23:55,v2.10.0
argo-cd-6.0.12,2024-02-13,15:26:57,v2.10.0
argo-cd-6.0.11,2024-02-13,11:42:46,v2.10.0
argo-cd-6.0.10,2024-02-13,11:27:29,v2.10.0
argo-cd-6.0.7,2024-02-12,18:36:55,v2.10.0
argo-cd-6.0.6,2024-02-11,14:52:39,v2.10.0
argo-cd-6.0.5,2024-02-09,12:14:21,v2.10.0
argo-cd-6.0.4,2024-02-09,11:46:10,v2.10.0
argo-cd-6.0.3,2024-02-08,17:47:08,v2.10.0
argo-cd-6.0.2,2024-02-08,14:26:38,v2.10.0
argo-cd-6.0.1,2024-02-08,10:59:10,v2.10.0
argo-cd-6.0.0,2024-02-07,21:40:22,v2.10.0
argo-cd-5.55.0,2024-02-07,07:10:30,v2.10.0
argo-cd-5.54.0,2024-02-06,13:11:44,v2.9.6
argo-cd-5.53.14,2024-02-05,06:25:59,v2.9.6
argo-workflows-0.40.10,2024-02-03,00:45:13,v3.5.4
argocd-apps-1.6.1,2024-02-02,09:37:44,
argo-cd-5.53.13,2024-02-02,22:50:34,v2.9.6
argocd-apps-1.6.0,2024-01-30,00:34:21,
argo-cd-5.53.12,2024-01-30,16:58:22,v2.9.5
argo-cd-5.53.11,2024-01-30,10:46:50,v2.9.5
argo-cd-5.53.10,2024-01-29,13:58:51,v2.9.5
argo-workflows-0.40.9,2024-01-26,21:35:38,v3.5.4
argo-rollouts-2.34.2,2024-01-26,06:31:27,v1.6.5
argo-cd-5.53.9,2024-01-26,07:36:02,v2.9.5
argocd-apps-1.5.0,2024-01-25,07:07:46,
argo-workflows-0.40.8,2024-01-24,23:58:13,v3.5.4
argo-cd-5.53.8,2024-01-23,01:07:46,v2.9.5
argo-cd-5.53.7,2024-01-22,23:55:07,v2.9.5
argo-cd-5.53.6,2024-01-22,13:09:31,v2.9.5
argo-cd-5.53.5,2024-01-22,10:14:54,v2.9.5
argo-cd-5.53.4,2024-01-21,13:36:02,v2.9.5
argo-cd-5.53.3,2024-01-20,12:21:38,v2.9.5
argo-cd-5.53.2,2024-01-19,20:20:14,v2.9.5
argo-cd-5.53.1,2024-01-19,05:48:47,v2.9.4
argocd-image-updater-0.9.3,2024-01-18,06:21:59,v0.12.2
argo-cd-5.53.0,2024-01-18,13:56:51,v2.9.3
argo-workflows-0.40.7,2024-01-17,07:56:36,v3.5.4
argo-cd-5.52.2,2024-01-15,09:13:02,v2.9.3
argo-workflows-0.40.6,2024-01-14,08:11:19,v3.5.4
argo-workflows-0.40.5,2024-01-11,07:20:47,v3.5.3
argo-events-2.4.2,2024-01-09,10:14:30,v1.9.0
argo-rollouts-2.34.1,2024-01-07,04:31:05,v1.6.4
argo-workflows-0.40.4,2024-01-06,04:17:52,v3.5.2
argocd-image-updater-0.9.2,2024-01-05,15:29:00,v0.12.2
argo-cd-5.52.1,2024-01-05,12:57:15,v2.9.3
argo-cd-5.52.0,2023-12-30,17:02:29,v2.9.3
argo-workflows-0.40.3,2023-12-24,06:14:14,v3.5.2
argo-workflows-0.40.2,2023-12-24,00:29:03,v3.5.2
argo-rollouts-2.34.0,2023-12-22,12:07:26,v1.6.4
argo-workflows-0.40.1,2023-12-15,07:45:38,v3.5.2
argo-workflows-0.40.0,2023-12-14,07:56:49,v3.5.2
argo-rollouts-2.33.0,2023-12-14,08:39:41,v1.6.4
argo-rollouts-2.32.8,2023-12-13,06:59:39,v1.6.4
argo-workflows-0.39.9,2023-12-12,06:27:57,v3.5.2
argo-workflows-0.39.8,2023-12-08,22:45:23,v3.5.2
argo-rollouts-2.32.7,2023-12-08,15:06:58,v1.6.3
argo-workflows-0.39.7,2023-12-07,07:23:32,v3.5.2
argo-rollouts-2.32.6,2023-12-07,17:50:17,v1.6.2
argo-workflows-0.39.6,2023-12-05,05:55:41,v3.5.2
argo-cd-5.51.6,2023-12-02,11:03:49,v2.9.3
argo-rollouts-2.32.5,2023-11-29,13:34:59,v1.6.2
argo-cd-5.51.5,2023-11-29,18:40:17,v2.9.2
argo-workflows-0.39.5,2023-11-27,21:13:09,v3.5.2
argo-workflows-0.39.4,2023-11-27,17:45:21,v3.5.1
argo-cd-5.51.4,2023-11-20,18:50:04,v2.9.2
argo-cd-5.51.3,2023-11-19,22:19:14,v2.9.1
argo-workflows-0.39.3,2023-11-16,12:32:11,v3.5.1
argo-workflows-0.39.2,2023-11-15,13:33:12,v3.5.1
argo-workflows-0.39.1,2023-11-15,13:17:27,v3.5.1
argo-rollouts-2.32.4,2023-11-15,13:09:53,v1.6.2
argo-rollouts-2.32.3,2023-11-15,10:00:45,v1.6.1
argo-cd-5.51.2,2023-11-15,05:59:33,v2.9.1
argo-cd-5.51.1,2023-11-10,12:41:27,v2.9.0
argo-workflows-0.39.0,2023-11-08,16:05:21,v3.5.1
argo-cd-5.51.0,2023-11-06,12:54:52,v2.9.0
argo-workflows-0.38.0,2023-11-04,05:58:06,v3.5.1
argo-workflows-0.37.1,2023-11-03,20:39:25,v3.5.0
argo-cd-5.50.1,2023-11-02,09:44:09,v2.8.6
argo-cd-5.50.0,2023-10-31,18:12:30,v2.8.6
argo-rollouts-2.32.2,2023-10-30,17:43:02,v1.6.0
argo-cd-5.49.0,2023-10-30,14:42:51,v2.8.5
argo-cd-5.48.1,2023-10-30,08:52:14,v2.8.5
argo-cd-5.48.0,2023-10-28,07:29:05,v2.8.5
argo-cd-5.47.0,2023-10-27,09:44:15,v2.8.4
argo-workflows-0.37.0,2023-10-24,12:35:14,v3.5.0
argo-workflows-0.36.2,2023-10-24,10:06:53,v3.5.0
argo-rollouts-2.32.1,2023-10-24,12:40:04,v1.6.0
argo-workflows-0.36.1,2023-10-17,23:53:35,v3.5.0
argo-workflows-0.36.0,2023-10-17,15:41:00,v3.5.0
argo-workflows-0.35.0,2023-10-13,22:07:38,v3.5.0
argo-workflows-0.34.0,2023-10-12,14:15:08,v3.4.11
argo-cd-5.46.8,2023-10-12,09:51:17,v2.8.4
argo-cd-5.46.7,2023-09-22,15:50:57,v2.8.4
argo-cd-5.46.6,2023-09-19,09:02:08,v2.8.4
argo-cd-5.46.5,2023-09-18,13:26:16,v2.8.4
argo-cd-5.46.4,2023-09-15,10:48:20,v2.8.4
argo-cd-5.46.3,2023-09-14,04:56:22,v2.8.4
argo-cd-5.46.2,2023-09-11,23:33:17,v2.8.3
argo-cd-5.46.1,2023-09-11,13:24:46,v2.8.3
argo-workflows-0.33.3,2023-09-10,01:57:47,v3.4.11
argo-cd-5.46.0,2023-09-09,08:59:25,v2.8.3
argo-workflows-0.33.2,2023-09-08,04:20:30,v3.4.11
argo-cd-5.45.5,2023-09-08,14:58:30,v2.8.3
argo-cd-5.45.4,2023-09-08,14:02:48,v2.8.3
argo-cd-5.45.3,2023-09-08,00:13:52,v2.8.3
argo-rollouts-2.32.0,2023-09-07,12:23:50,v1.6.0
argo-cd-5.45.2,2023-09-07,14:01:34,v2.8.2
argo-events-2.4.1,2023-09-04,01:15:35,v1.8.1
argo-cd-5.45.1,2023-09-04,11:01:56,v2.8.2
argo-cd-5.45.0,2023-08-28,08:12:52,v2.8.2
argo-cd-5.44.0,2023-08-27,19:07:41,v2.8.2
argo-cd-5.43.8,2023-08-27,02:21:03,v2.8.2
argo-cd-5.43.7,2023-08-25,10:52:23,v2.8.2
argo-cd-5.43.6,2023-08-25,08:46:11,v2.8.2
argo-cd-5.43.5,2023-08-23,03:57:35,v2.8.1
argo-workflows-0.33.1,2023-08-19,06:00:08,v3.4.10
argo-workflows-0.33.0,2023-08-17,12:08:23,v3.4.10
argo-workflows-0.32.3,2023-08-16,11:00:55,v3.4.10
argo-rollouts-2.31.6,2023-08-16,07:02:05,v1.5.1
argo-cd-5.43.4,2023-08-15,08:58:54,v2.8.0
argo-workflows-0.32.2,2023-08-11,01:15:12,v3.4.9
argo-rollouts-2.31.5,2023-08-09,00:04:20,v1.5.1
argo-cd-5.43.3,2023-08-09,22:18:57,v2.8.0
argo-cd-5.43.2,2023-08-09,08:36:10,v2.8.0
argo-cd-5.43.1,2023-08-09,08:20:17,v2.8.0
argo-cd-5.43.0,2023-08-08,14:36:04,v2.8.0
argo-cd-5.42.3,2023-08-08,06:11:54,v2.7.11
argo-rollouts-2.31.4,2023-08-05,10:27:42,v1.5.1
argo-cd-5.42.2,2023-08-05,10:18:36,v2.7.10
argo-rollouts-2.31.3,2023-08-01,09:07:36,v1.5.1
argo-cd-5.42.1,2023-08-01,05:57:37,v2.7.10
argo-workflows-0.32.1,2023-07-27,13:58:12,v3.4.9
argo-cd-5.42.0,2023-07-27,22:05:30,v2.7.9
argo-rollouts-2.31.2,2023-07-25,00:23:11,v1.5.1
argo-cd-5.41.2,2023-07-25,02:10:03,v2.7.9
argocd-apps-1.4.1,2023-07-23,04:26:08,
argocd-apps-1.4.0,2023-07-22,13:46:54,
argo-workflows-0.32.0,2023-07-20,23:20:17,v3.4.9
argo-rollouts-2.31.1,2023-07-20,17:26:45,v1.5.1
argo-cd-5.41.1,2023-07-19,22:26:30,v2.7.8
argo-cd-5.41.0,2023-07-18,06:51:38,v2.7.7
argo-cd-5.40.0,2023-07-17,12:21:05,v2.7.7
argo-cd-5.39.1,2023-07-17,09:56:36,v2.7.7
argo-cd-5.39.0,2023-07-13,14:07:28,v2.7.7
argocd-apps-1.3.0,2023-07-11,16:16:56,
argo-workflows-0.31.0,2023-07-11,12:07:29,v3.4.8
argo-cd-5.38.1,2023-07-11,13:01:22,v2.7.7
argo-cd-5.38.0,2023-07-10,08:14:40,v2.7.7
argo-cd-5.37.1,2023-07-06,08:26:09,v2.7.7
argo-cd-5.37.0,2023-07-04,14:07:24,v2.7.6
argo-cd-5.36.15,2023-07-04,09:22:40,v2.7.6
argo-cd-5.36.14,2023-07-03,17:55:22,v2.7.6
argo-cd-5.36.13,2023-07-02,08:07:38,v2.7.6
argo-cd-5.36.12,2023-07-02,03:16:49,v2.7.6
argo-cd-5.36.11,2023-06-29,16:02:41,v2.7.6
argo-cd-5.36.9,2023-06-26,14:41:11,v2.7.6
argo-cd-5.36.10,2023-06-26,14:55:27,v2.7.6
argo-workflows-0.30.0,2023-06-24,22:29:03,v3.4.8
argo-workflows-0.29.3,2023-06-23,16:35:23,v3.4.8
argo-cd-5.36.7,2023-06-23,13:59:34,v2.7.6
argo-events-2.4.0,2023-06-21,12:41:55,v1.8.0
argo-cd-5.36.6,2023-06-21,14:54:37,v2.7.6
argo-cd-5.36.5,2023-06-21,04:27:57,v2.7.6
argo-cd-5.36.4,2023-06-20,13:07:45,v2.7.5
argo-cd-5.36.3,2023-06-20,00:05:45,v2.7.5
argo-cd-5.36.2,2023-06-17,04:55:38,v2.7.5
argo-workflows-0.29.2,2023-06-08,03:48:28,v3.4.8
argo-cd-5.36.1,2023-06-08,22:52:40,v2.7.4
argo-cd-5.36.0,2023-06-07,08:52:24,v2.7.4
argo-cd-5.35.1,2023-06-06,04:53:38,v2.7.4
argo-workflows-0.29.1,2023-06-05,14:15:25,v3.4.8
argo-cd-5.35.0,2023-06-05,14:31:31,v2.7.3
argo-rollouts-2.31.0,2023-06-04,11:08:02,v1.5.0
argo-workflows-0.29.0,2023-06-03,14:41:13,v3.4.8
argo-cd-5.34.6,2023-05-29,04:32:37,v2.7.3
argo-rollouts-2.30.1,2023-05-27,14:52:04,v1.5.0
argo-workflows-0.28.2,2023-05-26,04:19:27,v3.4.8
argo-workflows-0.28.1,2023-05-25,12:31:09,v3.4.7
argo-cd-5.34.5,2023-05-24,23:23:36,v2.7.3
argo-rollouts-2.30.0,2023-05-23,07:07:55,v1.5.0
argo-cd-5.34.4,2023-05-23,20:29:47,v2.7.2
argo-cd-5.34.3,2023-05-23,02:47:12,v2.7.2
argo-cd-5.34.2,2023-05-22,17:07:33,v2.7.2
argocd-apps-1.2.0,2023-05-21,07:19:50,
argo-rollouts-2.29.0,2023-05-20,15:39:35,v1.5.0
argocd-apps-1.1.0,2023-05-19,09:35:18,
argo-workflows-0.28.0,2023-05-19,10:35:50,v3.4.7
argo-cd-5.34.1,2023-05-17,14:25:05,v2.7.2
argo-cd-5.34.0,2023-05-17,13:40:41,v2.7.2
argo-cd-5.33.4,2023-05-16,09:24:22,v2.7.2
argo-cd-5.33.3,2023-05-13,11:01:42,v2.7.2
argo-cd-5.33.2,2023-05-12,15:19:23,v2.7.2
argo-workflows-0.27.0,2023-05-11,06:39:40,v3.4.7
argo-workflows-0.26.6,2023-05-11,00:09:56,v3.4.7
argo-cd-5.33.1,2023-05-11,14:07:07,v2.7.1
argo-cd-5.33.0,2023-05-11,00:40:17,v2.7.1
argocd-image-updater-0.9.1,2023-05-10,16:46:54,v0.12.2
argocd-apps-1.0.1,2023-05-10,16:59:38,
argo-workflows-0.26.5,2023-05-10,14:21:35,v3.4.7
argo-workflows-0.26.4,2023-05-10,10:16:35,v3.4.7
argo-rollouts-2.28.0,2023-05-10,15:37:42,v1.5.0
argo-events-2.3.3,2023-05-10,15:49:04,v1.7.6
argo-cd-5.32.2,2023-05-10,13:50:04,v2.7.1
argo-workflows-0.26.3,2023-05-09,03:42:14,v3.4.7
argo-events-2.3.2,2023-05-09,00:38:41,v1.7.6
argo-workflows-0.26.2,2023-05-08,20:03:24,v3.4.7
argo-cd-5.32.1,2023-05-08,11:23:13,v2.7.1
argo-events-2.3.1,2023-05-07,14:18:59,v1.7.6
argo-workflows-0.26.1,2023-05-06,16:20:35,v3.4.7
argo-rollouts-2.27.0,2023-05-06,11:32:12,v1.4.1
argo-events-2.3.0,2023-05-06,11:18:40,v1.7.6
argo-workflows-0.26.0,2023-05-05,14:31:11,v3.4.7
argo-workflows-0.25.2,2023-05-05,14:14:01,v3.4.7
argo-cd-5.32.0,2023-05-05,20:19:39,v2.7.1
argo-cd-5.31.1,2023-05-03,09:48:25,v2.7.1
argo-cd-5.31.0,2023-05-02,12:29:53,v2.7.0
argo-cd-5.30.1,2023-05-02,10:28:37,v2.7.0
argo-cd-5.30.0,2023-05-02,07:29:11,v2.7.0
argo-rollouts-2.26.1,2023-04-28,07:54:50,v1.4.1
argocd-apps-1.0.0,2023-04-27,12:49:28,
argo-workflows-0.25.1,2023-04-24,16:57:53,v3.4.7
argo-workflows-0.25.0,2023-04-24,05:47:37,v3.4.7
argo-rollouts-2.26.0,2023-04-24,14:41:03,v1.4.1
argocd-image-updater-0.9.0,2023-04-16,08:13:22,v0.12.2
argo-workflows-0.24.1,2023-04-14,13:55:07,v3.4.7
argo-workflows-0.24.0,2023-04-13,09:25:33,v3.4.7
argo-rollouts-2.25.0,2023-04-13,23:59:09,v1.4.1
argo-rollouts-2.24.0,2023-04-13,18:16:41,v1.4.1
argo-events-2.2.0,2023-04-13,18:38:28,v1.7.6
argo-cd-5.29.1,2023-04-13,23:44:42,v2.6.7
argo-cd-5.29.0,2023-04-13,14:09:40,v2.6.7
argo-workflows-0.23.2,2023-04-12,04:52:48,v3.4.7
argo-workflows-0.23.1,2023-04-11,13:50:51,v3.4.6
argo-cd-5.28.2,2023-04-11,13:34:12,v2.6.7
argo-events-2.1.6,2023-04-07,12:46:03,v1.7.6
argocd-image-updater-0.8.5,2023-04-06,13:52:44,v0.12.2
argo-workflows-0.23.0,2023-04-06,23:43:19,v3.4.6
argo-cd-5.28.1,2023-04-06,16:17:02,v2.6.7
argo-workflows-0.22.16,2023-04-04,11:10:35,v3.4.6
argo-cd-5.28.0,2023-04-03,09:59:17,v2.6.7
argo-events-2.1.5,2023-04-01,20:40:27,v1.7.6
argo-cd-5.27.5,2023-03-30,16:33:34,v2.6.7
argo-rollouts-2.23.0,2023-03-29,09:16:56,v1.4.1
argo-cd-5.27.4,2023-03-28,13:49:13,v2.6.7
argo-cd-5.27.3,2023-03-24,09:57:20,v2.6.7
argo-cd-5.27.2,2023-03-24,00:09:05,v2.6.7
argo-workflows-0.22.15,2023-03-23,07:09:27,v3.4.5
argo-cd-5.27.1,2023-03-17,08:25:05,v2.6.6
argo-workflows-0.22.14,2023-03-16,11:05:16,v3.4.5
argo-cd-5.27.0,2023-03-16,00:09:12,v2.6.5
argo-events-2.1.4,2023-03-15,17:34:46,v1.7.6
argo-cd-5.26.3,2023-03-15,19:28:01,v2.6.5
argo-cd-5.26.2,2023-03-15,14:00:41,v2.6.5
argo-cd-5.26.1,2023-03-14,18:42:39,v2.6.5
argo-cd-5.26.0,2023-03-12,14:00:47,v2.6.4
argo-cd-5.25.0,2023-03-09,12:05:22,v2.6.4
argo-cd-5.24.4,2023-03-09,10:48:48,v2.6.4
argo-cd-5.24.3,2023-03-08,07:46:54,v2.6.4
argo-cd-5.24.2,2023-03-08,07:13:22,v2.6.4
argo-cd-5.24.1,2023-03-03,17:53:36,v2.6.3
argocd-apps-0.0.9,2023-03-02,14:59:22,
argo-rollouts-2.22.3,2023-03-02,15:08:16,v1.4.1
argo-cd-5.24.0,2023-03-02,14:29:29,v2.6.3
argo-cd-5.23.5,2023-02-28,23:30:25,v2.6.3
argo-cd-5.23.4,2023-02-28,21:53:42,v2.6.3
argo-cd-5.23.3,2023-02-28,08:32:15,v2.6.3
argo-cd-5.23.2,2023-02-26,16:34:21,v2.6.2
argo-workflows-0.22.13,2023-02-24,21:57:04,v3.4.5
argo-workflows-0.22.12,2023-02-23,17:44:23,v3.4.5
argo-cd-5.23.1,2023-02-23,18:12:14,v2.6.2
argo-cd-5.23.0,2023-02-23,16:57:40,v2.6.2
argo-events-2.1.3,2023-02-21,01:14:54,v1.7.6
argo-cd-5.22.1,2023-02-19,12:38:23,v2.6.2
argo-cd-5.22.0,2023-02-17,16:38:41,v2.6.2
argo-cd-5.21.1,2023-02-17,08:23:54,v2.6.2
argo-cd-5.21.0,2023-02-15,00:11:41,v2.6.1
argo-cd-5.20.5,2023-02-14,12:21:52,v2.6.1
argo-cd-5.20.4,2023-02-13,11:22:38,v2.6.1
argo-workflows-0.22.11,2023-02-10,05:32:10,v3.4.5
argocd-apps-0.0.8,2023-02-09,22:44:40,
argo-cd-5.20.3,2023-02-08,20:15:43,v2.6.1
argo-cd-5.20.2,2023-02-08,16:42:35,v2.6.0
argo-cd-5.20.1,2023-02-08,01:10:02,v2.6.0
argo-workflows-0.22.10,2023-02-07,15:11:29,v3.4.5
argo-cd-5.20.0,2023-02-07,15:02:47,v2.6.0
argo-cd-5.19.15,2023-02-06,04:40:38,v2.5.10
argo-cd-5.19.14,2023-02-02,21:56:38,v2.5.10
argo-cd-5.19.13,2023-02-02,04:11:31,v2.5.9
argocd-image-updater-0.8.4,2023-02-01,21:07:41,v0.12.2
argocd-image-updater-0.8.3,2023-01-29,18:59:51,v0.12.0
argocd-apps-0.0.7,2023-01-29,19:17:57,
argo-workflows-0.22.9,2023-01-29,18:48:45,v3.4.4
argo-rollouts-2.22.2,2023-01-29,19:14:29,v1.4.0
argo-events-2.1.2,2023-01-29,19:07:55,v1.7.5
argo-events-2.1.1,2023-01-29,12:16:37,v1.7.5
argo-cd-5.19.12,2023-01-29,15:23:26,v2.5.9
argo-cd-5.19.11,2023-01-28,13:41:15,v2.5.9
argo-cd-5.19.9,2023-01-27,14:47:36,v2.5.8
argo-cd-5.19.10,2023-01-27,23:20:39,v2.5.8
argo-cd-5.19.8,2023-01-26,12:06:45,v2.5.8
argo-cd-5.19.7,2023-01-26,08:23:02,v2.5.8
argo-events-2.1.0,2023-01-25,21:46:36,v1.7.4
argo-cd-5.19.6,2023-01-24,00:18:44,v2.5.7
argo-cd-5.19.5,2023-01-22,19:22:59,v2.5.7
argo-cd-5.19.4,2023-01-22,17:20:54,v2.5.7
argocd-image-updater-0.8.2,2023-01-21,11:38:12,v0.12.0
argo-cd-5.19.3,2023-01-21,19:11:20,v2.5.7
argo-cd-5.19.2,2023-01-21,12:19:10,v2.5.7
argo-cd-5.19.1,2023-01-21,12:08:16,v2.5.7
argo-cd-5.19.0,2023-01-21,09:25:14,v2.5.7
argo-rollouts-2.22.1,2023-01-20,16:42:17,v1.4.0
argo-cd-5.18.1,2023-01-20,14:34:15,v2.5.7
argo-rollouts-2.22.0,2023-01-19,21:14:27,v1.4.0
argo-rollouts-2.21.3,2023-01-19,10:37:43,v1.3.1
argo-cd-5.18.0,2023-01-19,22:15:14,v2.5.7
argo-rollouts-2.21.2,2023-01-18,02:39:11,v1.3.1
argo-cd-5.17.4,2023-01-18,13:01:18,v2.5.7
argo-cd-5.17.2,2023-01-18,06:44:45,v2.5.7
argo-cd-5.17.1,2023-01-11,06:33:59,v2.5.6
argo-workflows-0.22.8,2023-01-10,00:03:48,v3.4.4
argo-cd-5.17.0,2023-01-10,12:32:17,v2.5.5
argo-cd-5.16.15,2023-01-10,08:59:08,v2.5.5
argo-cd-5.16.14,2023-01-04,09:49:57,v2.5.5
argo-workflows-0.22.7,2023-01-03,01:46:24,v3.4.4
argo-workflows-0.22.6,2022-12-30,05:21:07,v3.4.4
argo-workflows-0.22.5,2022-12-29,16:31:57,v3.4.4
argo-events-2.0.11,2022-12-29,17:55:54,v1.7.4
argo-cd-5.16.13,2022-12-29,16:26:56,v2.5.5
argo-cd-5.16.12,2022-12-29,15:47:53,v2.5.5
argo-cd-5.16.11,2022-12-29,11:49:31,v2.5.5
argo-cd-5.16.10,2022-12-27,12:12:26,v2.5.5
argocd-apps-0.0.6,2022-12-25,13:56:50,
argo-events-2.0.10,2022-12-24,19:41:24,v1.7.4
argo-workflows-0.22.4,2022-12-22,13:00:59,v3.4.4
argo-cd-5.16.9,2022-12-20,13:18:36,v2.5.5
argo-cd-5.16.8,2022-12-20,11:54:14,v2.5.5
argo-workflows-0.22.3,2022-12-19,09:08:04,v3.4.4
argo-workflows-0.22.2,2022-12-18,23:42:17,v3.4.4
argo-events-2.0.9,2022-12-17,00:45:45,v1.7.3
argo-cd-5.16.7,2022-12-17,11:36:17,v2.5.5
argo-events-2.0.8,2022-12-15,08:33:57,v1.7.3
argo-cd-5.16.6,2022-12-15,06:03:36,v2.5.4
argo-cd-5.16.5,2022-12-14,21:13:18,v2.5.4
argo-cd-5.16.4,2022-12-13,21:31:30,v2.5.4
argo-cd-5.16.3,2022-12-13,06:19:38,v2.5.4
argocd-apps-0.0.5,2022-12-10,14:50:54,
argo-workflows-0.22.1,2022-12-09,06:50:29,v3.4.4
argo-events-2.0.7,2022-12-09,13:08:09,v1.7.3
argo-cd-5.16.2,2022-12-07,07:41:56,v2.5.4
argocd-apps-0.0.4,2022-12-02,13:26:38,
argo-workflows-0.22.0,2022-12-02,13:51:34,v3.4.4
argo-workflows-0.21.0,2022-12-02,10:29:52,v3.4.4
argo-cd-5.16.1,2022-12-02,14:48:40,v2.5.3
argo-workflows-0.20.12,2022-11-30,15:26:09,v3.4.4
argo-cd-5.16.0,2022-11-30,23:28:36,v2.5.3
argo-cd-5.15.2,2022-11-30,21:58:12,v2.5.3
argo-cd-5.15.1,2022-11-30,21:38:35,v2.5.3
argo-cd-5.15.0,2022-11-29,21:15:00,v2.5.3
argo-cd-5.14.3,2022-11-28,22:10:18,v2.5.3
argo-workflows-0.20.11,2022-11-26,01:08:34,v3.4.3
argo-workflows-0.20.10,2022-11-25,00:36:01,v3.4.3
argo-cd-5.14.2,2022-11-25,17:40:10,v2.5.2
argo-workflows-0.20.9,2022-11-23,07:18:21,v3.4.3
argo-cd-5.14.1,2022-11-21,10:39:57,v2.5.2
argo-cd-5.14.0,2022-11-20,13:30:05,v2.5.2
argo-cd-5.13.9,2022-11-17,15:26:43,v2.5.2
argo-workflows-0.20.8,2022-11-14,11:20:39,v3.4.3
argo-cd-5.13.8,2022-11-11,02:11:52,v2.5.2
argo-workflows-0.20.7,2022-11-10,00:36:36,v3.4.3
argo-cd-5.13.7,2022-11-10,01:56:07,v2.5.2
argo-cd-5.13.6,2022-11-08,16:04:52,v2.5.2
argo-cd-5.13.5,2022-11-07,21:55:16,v2.5.1
argo-cd-5.13.4,2022-11-06,21:13:41,v2.5.1
argo-cd-5.13.3,2022-11-06,04:19:47,v2.5.1
argo-cd-5.13.2,2022-11-03,08:37:01,v2.5.1
argo-cd-5.13.1,2022-11-02,07:31:33,v2.5.1
argo-workflows-0.20.6,2022-11-01,09:26:43,v3.4.3
argo-cd-5.13.0,2022-11-01,19:27:19,v2.5.0
argo-cd-5.12.3,2022-11-01,14:57:44,v2.5.0
argo-cd-5.12.2,2022-10-31,17:38:56,v2.5.0
argo-cd-5.9.1,2022-10-30,17:48:16,v2.5.0
argo-cd-5.9.0,2022-10-30,15:38:31,v2.5.0
argo-cd-5.12.1,2022-10-30,23:48:29,v2.5.0
argo-cd-5.12.0,2022-10-30,22:03:51,v2.5.0
argo-cd-5.11.0,2022-10-30,20:44:31,v2.5.0
argo-cd-5.10.0,2022-10-30,19:13:05,v2.5.0
argo-cd-5.8.7,2022-10-29,19:08:37,v2.5.0
argo-cd-5.8.6,2022-10-29,09:24:01,v2.5.0
argo-cd-5.8.5,2022-10-28,10:18:33,v2.5.0
argo-cd-5.8.4,2022-10-28,08:50:11,v2.5.0
argo-workflows-0.20.5,2022-10-27,01:05:01,v3.4.2
argo-cd-5.8.3,2022-10-27,12:18:27,v2.5.0
argo-cd-5.8.2,2022-10-26,13:19:29,v2.5.0
argo-cd-5.8.1,2022-10-26,11:11:40,v2.5.0
argo-workflows-0.20.4,2022-10-25,06:19:19,v3.4.2
argo-cd-5.8.0,2022-10-25,21:22:42,v2.5.0
argo-cd-5.7.0,2022-10-25,17:05:58,v2.4.15
argo-cd-5.6.8,2022-10-25,14:09:11,v2.4.15
argo-cd-5.6.7,2022-10-25,13:30:20,v2.4.15
argo-cd-5.6.6,2022-10-25,06:42:17,v2.4.15
argo-workflows-0.20.3,2022-10-24,05:53:54,v3.4.2
argo-cd-5.6.5,2022-10-24,21:48:21,v2.4.15
argo-cd-5.6.4,2022-10-24,17:06:09,v2.4.15
argo-workflows-0.20.2,2022-10-22,07:37:48,v3.4.1
argo-cd-5.6.3,2022-10-22,12:59:43,v2.4.15
argo-cd-5.6.2,2022-10-21,08:11:20,v2.4.15
argo-cd-5.6.1,2022-10-20,11:23:48,v2.4.15
argocd-apps-0.0.3,2022-10-13,22:07:34,
argo-cd-5.6.0,2022-10-13,22:30:23,v2.4.14
argo-cd-5.5.25,2022-10-13,16:17:41,v2.4.14
argocd-apps-0.0.2,2022-10-12,08:34:02,
argo-cd-5.5.24,2022-10-12,12:55:54,v2.4.14
argo-cd-5.5.23,2022-10-12,11:46:40,v2.4.14
argo-cd-5.5.22,2022-10-12,08:04:42,v2.4.14
argocd-image-updater-0.8.1,2022-10-11,22:21:29,v0.12.0
argo-cd-5.5.21,2022-10-11,14:12:05,v2.4.14
argo-cd-5.5.20,2022-10-11,14:00:11,v2.4.14
argo-cd-5.5.19,2022-10-11,12:29:07,v2.4.14
argo-cd-5.5.18,2022-10-10,20:46:29,v2.4.14
argo-cd-5.5.17,2022-10-10,19:09:27,v2.4.14
argo-cd-5.5.16,2022-10-09,13:23:27,v2.4.14
argo-cd-5.5.15,2022-10-09,08:34:22,v2.4.14
argo-cd-5.5.14,2022-10-08,22:23:13,v2.4.14
argo-cd-5.5.13,2022-10-08,11:28:42,v2.4.14
argo-cd-5.5.12,2022-10-07,10:52:38,v2.4.14
argo-cd-5.5.9,2022-10-06,14:32:23,v2.4.13
argo-cd-5.5.11,2022-10-06,22:23:50,v2.4.14
argo-cd-5.5.10,2022-10-06,21:05:05,v2.4.14
argo-cd-5.5.8,2022-10-04,00:58:31,v2.4.13
argo-workflows-0.20.1,2022-10-02,09:28:15,v3.4.1
argo-rollouts-2.21.1,2022-09-30,22:29:28,v1.3.1
argo-cd-5.5.7,2022-09-30,13:26:36,v2.4.12
argo-rollouts-2.21.0,2022-09-29,06:43:50,v1.3.0
argo-events-2.0.6,2022-09-29,15:55:01,v1.7.3
argo-workflows-0.20.0,2022-09-28,13:51:07,v3.4.0
argo-cd-5.5.6,2022-09-28,11:06:18,v2.4.12
argo-workflows-0.19.6,2022-09-27,12:44:09,v3.4.0
argo-workflows-0.19.5,2022-09-27,09:53:23,v3.4.0
argo-workflows-0.19.4,2022-09-26,04:11:17,v3.4.0
argo-workflows-0.19.3,2022-09-26,01:49:55,v3.4.0
argo-cd-5.5.5,2022-09-25,17:03:01,v2.4.12
argo-workflows-0.19.2,2022-09-24,00:03:59,v3.4.0
argo-cd-5.5.4,2022-09-22,17:20:47,v2.4.12
argo-cd-5.5.3,2022-09-22,08:53:07,v2.4.12
argo-workflows-0.19.1,2022-09-21,12:51:22,v3.4.0
argo-workflows-0.19.0,2022-09-21,10:35:00,v3.4.0
argo-cd-5.5.2,2022-09-21,19:06:26,v2.4.12
argo-cd-5.5.1,2022-09-21,18:21:31,v2.4.12
argo-cd-5.5.0,2022-09-21,11:48:56,v2.4.12
argo-cd-5.4.8,2022-09-21,07:32:29,v2.4.12
argo-events-2.0.5,2022-09-20,11:55:01,v1.7.2
argo-workflows-0.18.0,2022-09-19,16:10:42,v3.4.0
argo-cd-5.4.7,2022-09-19,21:37:54,v2.4.12
argo-cd-5.4.6,2022-09-19,12:57:09,v2.4.12
argo-cd-5.4.5,2022-09-19,11:44:57,v2.4.12
argo-cd-5.4.4,2022-09-16,08:58:43,v2.4.12
argo-cd-5.4.3,2022-09-08,17:00:01,v2.4.11
argo-cd-5.4.2,2022-09-06,10:13:54,v2.4.11
argo-cd-5.4.1,2022-09-04,08:48:29,v2.4.11
argo-cd-5.4.0,2022-08-30,15:30:53,v2.4.11
argo-workflows-0.17.1,2022-08-26,09:03:18,v3.3.9
argo-rollouts-2.20.0,2022-08-26,16:40:20,v1.2.2
argo-rollouts-2.19.2,2022-08-26,09:03:17,v1.2.2
argo-events-2.0.4,2022-08-26,09:03:16,v1.7.1
argo-cd-5.3.6,2022-08-26,16:15:52,v2.4.11
argo-cd-5.3.5,2022-08-26,13:38:01,v2.4.11
argo-cd-5.3.4,2022-08-26,09:03:15,v2.4.11
argo-cd-5.3.3,2022-08-25,22:09:36,v2.4.11
argo-cd-5.3.2,2022-08-25,21:39:21,v2.4.11
argo-cd-5.3.1,2022-08-25,11:35:35,v2.4.11
argo-cd-5.3.0,2022-08-25,10:42:01,v2.4.11
argo-cd-5.2.2,2022-08-25,10:13:10,v2.4.11
argo-cd-5.2.1,2022-08-25,09:08:04,v2.4.11
argo-cd-5.2.0,2022-08-25,08:43:06,v2.4.11
argo-cd-5.1.0,2022-08-25,06:41:11,v2.4.11
argo-cd-5.0.0,2022-08-24,15:12:21,v2.4.11
argo-rollouts-2.19.0,2022-08-23,02:43:29,v1.2.0
argocd-apps-0.0.1,2022-08-22,12:32:28,
argo-cd-4.10.9,2022-08-22,14:04:30,v2.4.11
argo-cd-4.10.8,2022-08-19,19:37:44,v2.4.10
argo-cd-4.10.7,2022-08-18,00:28:21,v2.4.10
argo-workflows-0.17.0,2022-08-17,00:07:26,v3.3.9
argo-cd-4.10.6,2022-08-11,20:43:51,v2.4.9
argo-workflows-0.16.9,2022-08-10,11:43:41,v3.3.9
argo-cd-4.10.5,2022-08-02,10:02:11,v2.4.8
argo-cd-4.10.4,2022-08-01,13:49:17,v2.4.8
argo-cd-4.10.3,2022-07-31,12:20:12,v2.4.7
argo-cd-4.10.2,2022-07-29,18:15:36,v2.4.7
argo-cd-4.10.1,2022-07-29,14:40:58,v2.4.7
argo-workflows-0.16.8,2022-07-27,00:51:07,v3.3.8
argo-cd-4.10.0,2022-07-21,09:53:44,v2.4.7
argo-cd-4.9.16,2022-07-19,12:48:08,v2.4.7
argo-cd-4.9.15,2022-07-19,06:25:53,v2.4.7
argo-rollouts-2.18.0,2022-07-15,11:43:33,v1.2.0
argo-cd-4.9.14,2022-07-14,13:03:20,v2.4.6
argo-workflows-0.16.7,2022-07-13,00:10:56,v3.3.8
argo-cd-4.9.13,2022-07-13,20:43:07,v2.4.6
argo-cd-4.9.12,2022-07-07,16:46:25,v2.4.4
argo-events-2.0.3,2022-07-06,12:39:16,v1.7.1
argo-events-2.0.2,2022-07-04,09:50:24,v1.7.1
argo-cd-4.9.11,2022-06-29,13:10:22,v2.4.3
argo-cd-4.9.9,2022-06-28,13:20:49,v2.4.3
argo-cd-4.9.10,2022-06-28,15:14:22,v2.4.3
argo-events-2.0.1,2022-06-27,21:35:46,v1.7.0
argo-cd-4.9.8,2022-06-27,17:45:36,v2.4.2
argo-workflows-0.16.6,2022-06-24,05:47:50,v3.3.8
argo-workflows-0.16.5,2022-06-23,16:01:09,v3.3.7
argo-workflows-0.16.4,2022-06-23,09:30:17,v3.3.6
argo-cd-4.9.7,2022-06-23,14:43:59,v2.4.2
argo-cd-4.9.6,2022-06-23,06:34:16,v2.4.2
argo-cd-4.9.5,2022-06-23,05:50:20,v2.4.2
argo-rollouts-2.17.0,2022-06-17,08:13:21,v1.2.0
argo-cd-4.9.4,2022-06-17,07:01:22,v2.4.0
argo-cd-4.9.3,2022-06-16,11:24:09,v2.4.0
argo-cd-4.9.2,2022-06-15,13:16:32,v2.4.0
argo-events-2.0.0,2022-06-14,15:38:27,v1.7.0
argo-cd-4.9.1,2022-06-14,12:32:16,v2.4.0
argo-cd-4.9.0,2022-06-14,10:10:37,v2.4.0
argo-workflows-0.16.3,2022-06-10,16:50:21,v3.3.6
argo-cd-4.8.3,2022-06-08,06:04:29,v2.3.4
argo-cd-4.8.2,2022-06-02,12:26:38,v2.3.4
argo-cd-4.8.1,2022-06-02,12:06:47,v2.3.4
argo-workflows-0.16.2,2022-06-01,17:56:41,v3.3.6
argo-rollouts-2.16.0,2022-06-01,17:10:16,v1.2.0
argo-cd-4.8.0,2022-05-30,16:20:13,v2.3.4
argo-workflows-0.16.1,2022-05-26,11:20:50,v3.3.6
argo-rollouts-2.15.0,2022-05-26,12:00:18,v1.2.0
argo-workflows-0.16.0,2022-05-25,09:30:37,v3.3.5
argo-workflows-0.15.4,2022-05-25,08:52:21,v3.3.5
argo-cd-4.7.0,2022-05-25,11:07:09,v2.3.4
argo-rollouts-2.14.1,2022-05-23,05:05:29,v1.2.0
argo-cd-4.6.5,2022-05-23,04:47:27,v2.3.4
argo-workflows-0.15.3,2022-05-22,07:43:33,v3.3.5
argo-cd-4.6.4,2022-05-22,11:52:08,v2.3.4
argo-workflows-0.15.2,2022-05-20,21:14:27,v3.3.5
argo-workflows-0.15.1,2022-05-20,19:19:26,v3.3.2
argo-cd-4.6.3,2022-05-20,18:11:16,v2.3.4
argo-cd-4.6.2,2022-05-19,17:54:21,v2.3.4
argo-cd-4.6.1,2022-05-19,11:51:31,v2.3.3
argo-cd-4.6.0,2022-05-10,07:41:16,v2.3.3
argo-workflows-0.15.0,2022-05-09,20:45:52,v3.3.2
argo-workflows-0.14.5,2022-05-09,20:36:39,v3.3.2
argo-workflows-0.14.4,2022-05-09,20:24:35,v3.3.2
argo-workflows-0.14.3,2022-05-09,19:51:22,v3.3.2
argo-workflows-0.14.2,2022-05-09,19:37:38,v3.3.2
argo-cd-4.5.12,2022-05-09,19:18:36,v2.3.3
argo-cd-4.5.11,2022-05-07,20:58:56,v2.3.3
argo-cd-4.5.10,2022-05-05,21:59:44,v2.3.3
argo-cd-4.5.9,2022-05-04,16:40:52,v2.3.3
argo-workflows-0.14.1,2022-05-01,11:44:50,v3.3.2
argo-cd-4.5.8,2022-04-30,12:31:18,v2.3.3
argo-events-1.13.0,2022-04-23,07:25:52,v1.6.0
argocd-notifications-1.8.1,2022-04-22,09:42:54,v1.2.1
argocd-applicationset-1.12.1,2022-04-22,09:42:52,v0.4.1
argocd-applicationset-1.12.0,2022-04-22,07:23:43,v0.4.1
argo-workflows-0.14.0,2022-04-22,07:09:42,v3.3.2
argo-cd-4.5.7,2022-04-22,09:55:26,v2.3.3
argo-cd-4.5.6,2022-04-22,08:34:16,v2.3.3
argo-cd-4.5.5,2022-04-21,22:02:41,v2.3.3
argo-cd-4.5.4,2022-04-19,11:02:10,v2.3.3
argo-cd-4.5.3,2022-04-12,14:28:36,v2.3.3
argo-cd-4.5.2,2022-04-12,12:32:08,v2.3.3
argo-cd-4.5.1,2022-04-11,14:33:48,v2.3.3
argo-rollouts-2.14.0,2022-04-05,11:38:27,v1.2.0
argo-cd-4.5.0,2022-04-03,09:14:25,v2.3.3
argo-cd-4.4.1,2022-04-02,18:45:18,v2.3.3
argo-rollouts-2.13.0,2022-03-31,17:32:03,v1.2.0
argo-cd-4.4.0,2022-03-31,12:20:18,v2.3.3
argo-cd-4.3.2,2022-03-31,11:59:31,v2.3.3
argo-cd-4.3.1,2022-03-30,13:40:17,v2.3.3
argo-cd-4.3.0,2022-03-29,11:24:34,v2.3.2
argo-cd-4.2.4,2022-03-28,21:02:42,v2.3.2
argo-cd-4.2.3,2022-03-28,13:18:14,v2.3.2
argo-workflows-0.13.1,2022-03-23,13:18:49,v3.2.9
argo-rollouts-2.12.0,2022-03-23,21:12:12,v1.2.0
argo-cd-4.2.2,2022-03-23,09:53:45,v2.3.2
argo-cd-4.2.1,2022-03-18,21:25:50,v2.3.1
argo-cd-4.2.0,2022-03-18,16:42:44,v2.3.1
argocd-image-updater-0.8.0,2022-03-17,19:34:59,v0.12.0
argo-cd-4.1.0,2022-03-17,17:16:25,v2.3.1
argo-cd-4.0.1,2022-03-17,12:54:21,v2.3.1
argo-cd-4.0.0,2022-03-16,21:02:33,v2.3.1
argo-rollouts-2.11.0,2022-03-14,21:13:07,v1.1.1
argo-workflows-0.13.0,2022-03-12,17:55:49,v3.2.9
argo-workflows-0.12.0,2022-03-12,17:14:00,v3.2.9
argo-cd-3.35.4,2022-03-12,18:59:29,v2.2.5
argo-cd-3.35.3,2022-03-10,10:45:45,v2.2.5
argo-cd-3.35.2,2022-03-06,15:54:11,v2.2.5
argo-cd-3.35.1,2022-03-06,12:08:36,v2.2.5
argo-workflows-0.11.2,2022-03-05,08:51:50,v3.2.9
argo-workflows-0.11.1,2022-03-03,14:02:23,v3.2.7
argocd-image-updater-0.7.0,2022-03-01,10:26:52,v0.11.3
argo-workflows-0.11.0,2022-03-01,09:53:15,v3.2.7
argo-cd-3.35.0,2022-03-01,21:58:21,v2.2.5
argo-cd-3.34.0,2022-03-01,17:37:13,v2.2.5
argo-cd-3.33.8,2022-02-26,20:07:35,v2.2.5
argo-cd-3.33.7,2022-02-23,11:02:53,v2.2.5
argocd-image-updater-0.6.3,2022-02-20,17:56:33,v0.11.3
argo-rollouts-2.10.0,2022-02-20,23:01:55,v1.1.1
argo-events-1.12.0,2022-02-20,20:57:50,v1.6.0
argo-events-1.11.0,2022-02-20,18:31:57,v1.6.0
argocd-applicationset-1.11.0,2022-02-17,08:19:49,v0.3.0
argo-cd-3.33.6,2022-02-17,11:37:47,v2.2.5
argocd-applicationset-1.10.0,2022-02-16,18:44:07,v0.3.0
argo-workflows-0.10.1,2022-02-09,23:06:55,v3.2.7
argo-cd-3.33.5,2022-02-05,16:32:53,v2.2.5
argo-cd-3.33.4,2022-02-05,12:55:15,v2.2.5
argo-cd-3.33.3,2022-02-04,09:19:44,v2.2.4
argo-cd-3.33.2,2022-02-03,09:36:59,v2.2.3
argocd-notifications-1.8.0,2022-02-01,21:49:11,v1.2.1
argo-cd-3.33.1,2022-01-31,19:26:33,v2.2.3
argo-cd-3.33.0,2022-01-31,15:37:35,v2.2.3
argo-workflows-0.10.0,2022-01-28,13:45:09,v3.2.6
argo-cd-3.32.1,2022-01-27,10:15:36,v2.2.3
argo-cd-3.32.0,2022-01-26,15:14:35,v2.2.3
argo-rollouts-2.9.3,2022-01-25,12:43:34,v1.1.1
argocd-notifications-1.7.1,2022-01-24,19:19:34,v1.2.1
argocd-image-updater-0.6.2,2022-01-24,19:19:33,v0.11.2
argocd-applicationset-1.9.1,2022-01-24,19:19:32,v0.3.0
argo-workflows-0.9.5,2022-01-24,19:19:30,v3.2.6
argo-rollouts-2.9.2,2022-01-24,19:19:29,v1.1.1
argo-events-1.10.2,2022-01-24,19:19:28,v1.5.6
argo-cd-3.31.1,2022-01-24,19:19:26,v2.2.2
argo-cd-3.31.0,2022-01-20,10:52:27,v2.2.2
argo-cd-3.30.1,2022-01-19,19:26:25,v2.2.2
argo-events-1.10.1,2022-01-18,22:20:08,v1.5.6
argo-events-1.10.0,2022-01-17,14:02:09,v1.5.0
argo-cd-3.30.0,2022-01-16,05:24:18,v2.2.2
argocd-image-updater-0.6.1,2022-01-11,22:07:52,v0.11.2
argo-rollouts-2.9.1,2022-01-11,22:35:51,v1.1.1
argo-rollouts-2.9.0,2022-01-10,20:46:21,v1.1.1
argo-rollouts-2.8.1,2022-01-10,18:21:14,v1.1.1
argo-events-1.9.0,2022-01-10,19:56:43,v1.5.0
argocd-applicationset-1.9.0,2022-01-09,18:08:02,v0.3.0
argocd-applicationset-1.8.0,2022-01-06,18:36:05,v0.3.0
argo-rollouts-2.8.0,2022-01-05,12:32:16,v1.1.0
argo-cd-3.29.5,2022-01-04,10:16:28,v2.2.2
argocd-notifications-1.7.0,2021-12-20,18:18:19,v1.2.1
argo-workflows-0.9.4,2021-12-20,11:00:00,v3.2.6
argo-rollouts-2.7.0,2021-12-20,19:13:47,v1.1.0
argo-cd-3.29.4,2021-12-20,17:27:35,v2.2.1
argo-cd-3.29.3,2021-12-18,22:09:23,v2.2.1
argo-cd-3.29.2,2021-12-17,18:39:32,v2.2.1
argo-cd-3.29.1,2021-12-17,10:06:18,v2.2.1
argocd-notifications-1.6.1,2021-12-16,09:58:40,v1.2.1
argo-cd-3.29.0,2021-12-15,10:15:30,v2.2.0
argo-cd-3.28.1,2021-12-11,19:32:10,v2.1.7
argo-cd-3.28.0,2021-12-10,15:23:06,v2.1.7
argocd-applicationset-1.7.0,2021-12-09,14:56:54,v0.2.0
argo-rollouts-2.6.0,2021-12-09,15:13:24,v1.1.0
argocd-image-updater-0.6.0,2021-12-07,06:40:34,v0.11.0
argo-workflows-0.9.3,2021-12-06,10:02:15,v3.2.4
argo-cd-3.27.1,2021-12-03,22:41:42,v2.1.7
argo-cd-3.27.0,2021-12-03,22:19:58,v2.1.7
argo-cd-3.26.12,2021-11-29,10:51:49,v2.1.7
argocd-notifications-1.6.0,2021-11-25,17:39:42,v1.2.0
argocd-image-updater-0.5.0,2021-11-24,20:47:21,v0.11.0
argo-cd-3.26.11,2021-11-24,16:30:38,v2.1.7
argo-workflows-0.9.2,2021-11-23,10:12:37,v3.2.4
argocd-image-updater-0.4.2,2021-11-22,07:18:47,v0.10.3
argo-workflows-0.9.1,2021-11-22,09:41:06,v3.2.4
argo-workflows-0.9.0,2021-11-22,09:33:03,v3.2.4
argo-workflows-0.8.3,2021-11-21,18:59:21,v3.2.4
argo-cd-3.26.10,2021-11-21,12:48:45,v2.1.7
argo-workflows-0.8.2,2021-11-19,21:36:02,v3.2.0
argocd-image-updater-0.4.1,2021-11-17,09:50:53,v0.10.3
argo-cd-3.26.9,2021-11-17,07:43:03,v2.1.6
argocd-image-updater-0.4.0,2021-11-15,23:19:27,v0.10.1
argo-rollouts-2.5.0,2021-11-15,07:02:31,v1.1.0
argocd-notifications-1.5.2,2021-11-12,09:25:30,v1.1.1
argo-cd-3.26.8,2021-11-11,15:00:04,v2.1.6
argo-cd-3.26.7,2021-11-10,17:18:47,v2.1.6
argocd-image-updater-0.3.0,2021-11-09,21:14:43,v0.10.1
argo-rollouts-2.4.0,2021-11-09,20:50:12,v1.1.0
argo-cd-3.26.6,2021-11-06,08:23:57,v2.1.6
argo-workflows-0.8.1,2021-11-01,18:13:26,v3.2.0
argo-cd-3.26.5,2021-10-31,19:32:18,v2.1.6
argo-cd-3.26.4,2021-10-31,11:57:25,v2.1.6
argo-events-1.8.0,2021-10-27,15:13:58,v1.5.0
argo-cd-3.26.3,2021-10-21,20:56:35,v2.1.5
argo-cd-3.26.2,2021-10-21,11:34:14,2.1.4
argo-cd-3.26.1,2021-10-20,06:32:59,2.1.4
argo-workflows-0.8.0,2021-10-19,15:37:06,v3.2.0
argo-cd-3.26.0,2021-10-19,17:02:52,2.1.3
argo-cd-3.25.3,2021-10-19,15:51:33,2.1.3
argo-rollouts-2.3.0,2021-10-18,12:29:40,v1.1.0
argocd-applicationset-1.6.0,2021-10-17,18:30:56,v0.2.0
argo-rollouts-2.2.1,2021-10-17,12:08:48,v1.1.0
argo-cd-3.25.2,2021-10-17,10:33:22,2.1.3
argo-workflows-0.7.3,2021-10-15,10:22:13,v3.2.0
argo-workflows-0.7.2,2021-10-15,09:42:17,v3.1.8
argo-rollouts-2.2.0,2021-10-14,14:58:28,v1.1.0
argo-cd-3.25.1,2021-10-14,12:40:36,2.1.3
argo-cd-3.25.0,2021-10-12,18:49:49,2.1.3
argo-cd-3.24.0,2021-10-06,22:13:09,2.1.3
argo-cd-3.23.1,2021-10-06,15:28:20,2.1.3
argo-cd-3.23.0,2021-10-04,22:20:00,2.1.2
argocd-notifications-1.5.1,2021-09-29,15:15:42,1.1.1
argo-cd-3.22.1,2021-09-29,09:07:29,2.1.2
argocd-applicationset-1.5.1,2021-09-27,13:58:05,v0.2.0
argocd-applicationset-1.5.0,2021-09-27,12:06:48,v0.2.0
argo-workflows-0.7.1,2021-09-27,15:18:14,v3.1.8
argo-workflows-0.7.0,2021-09-27,07:14:58,v3.1.8
argo-rollouts-2.1.1,2021-09-27,15:10:06,v1.0.2
argo-cd-3.22.0,2021-09-27,19:32:54,2.1.2
argo-cd-3.21.1,2021-09-27,10:04:46,2.1.2
argocd-image-updater-0.2.1,2021-09-20,14:43:20,v0.10.1
argo-workflows-0.6.0,2021-09-17,19:51:33,v3.1.8
argo-rollouts-2.1.0,2021-09-17,16:39:27,v1.0.2
argo-cd-3.21.0,2021-09-17,20:14:56,2.1.2
argo-cd-3.20.0,2021-09-17,17:47:39,2.1.2
argo-cd-3.19.0,2021-09-17,13:57:58,2.1.2
argocd-image-updater-0.2.0,2021-09-16,18:59:58,v0.10.1
argocd-image-updater-0.1.1,2021-09-16,17:30:59,v0.10.1
argo-rollouts-2.0.2,2021-09-16,19:06:11,v1.0.2
argo-cd-3.18.0,2021-09-16,17:59:45,2.1.2
argo-workflows-0.5.2,2021-09-15,22:27:25,v3.1.8
argo-cd-3.17.7,2021-09-15,10:31:26,2.1.2
argo-workflows-0.5.1,2021-09-13,16:21:35,v3.1.8
argo-cd-3.17.6,2021-09-02,21:59:12,2.1.2
argo-rollouts-2.0.1,2021-08-30,06:46:48,v1.0.2
argocd-notifications-1.5.0,2021-08-27,13:12:54,1.1.1
argocd-applicationset-1.4.0,2021-08-27,12:33:43,v0.2.0
argo-workflows-0.5.0,2021-08-27,12:59:50,v3.1.8
argo-cd-3.17.5,2021-08-27,13:47:25,2.1.1
argo-cd-3.17.4,2021-08-27,10:06:21,2.1.1
argo-cd-3.17.3,2021-08-26,15:11:19,2.1.1
argo-cd-3.17.2,2021-08-26,14:22:27,2.1.1
argo-cd-3.17.1,2021-08-26,13:55:36,2.1.0
argo-cd-3.17.0,2021-08-26,13:43:13,2.1.0
argocd-notifications-1.4.4,2021-08-25,12:14:37,1.1.1
argocd-applicationset-1.3.1,2021-08-25,07:05:41,v0.2.0
argo-cd-3.16.0,2021-08-25,15:05:03,2.1.0
argo-cd-3.15.0,2021-08-24,12:48:33,2.1.0
argo-cd-3.14.0,2021-08-24,12:38:02,2.1.0
argocd-applicationset-1.3.0,2021-08-23,13:05:32,v0.2.0
argocd-applicationset-1.2.0,2021-08-23,12:23:43,v0.2.0
argo-workflows-0.4.2,2021-08-23,11:13:42,v3.1.8
argo-cd-3.13.2,2021-08-23,17:23:36,2.1.0
argo-cd-3.13.1,2021-08-23,13:01:57,2.1.0
argo-cd-3.13.0,2021-08-23,12:14:11,2.1.0
argo-workflows-0.4.1,2021-08-20,16:24:43,v3.1.5
argocd-notifications-1.4.3,2021-08-18,10:02:11,1.1.1
argocd-notifications-1.4.2,2021-08-17,09:13:14,1.1.1
argo-workflows-0.4.0,2021-08-17,07:31:04,v3.1.5
argocd-image-updater-0.1.0,2021-08-16,15:23:23,v0.10.1
argo-rollouts-2.0.0,2021-08-16,15:27:43,v1.0.2
argo-cd-3.12.1,2021-08-14,11:03:56,2.0.5
argocd-applicationset-1.1.0,2021-08-13,16:37:25,v0.1.0
argo-cd-3.12.0,2021-08-13,20:15:28,2.0.5
argo-workflows-0.3.0,2021-08-11,07:32:31,v3.0.7
argo-cd-3.11.5,2021-08-11,15:44:45,2.0.5
argo-cd-3.11.4,2021-08-11,07:14:57,2.0.5
argo-workflows-0.2.13,2021-08-10,13:45:31,v3.0.7
argo-rollouts-1.0.4,2021-08-10,06:39:57,v1.0.2
argo-cd-3.11.3,2021-08-09,08:58:30,2.0.5
argo-events-1.7.0,2021-08-07,22:43:47,1.3.1
argo-cd-3.11.2,2021-08-07,13:08:09,2.0.5
argo-cd-3.11.1,2021-07-28,15:42:38,2.0.5
argo-cd-3.11.0,2021-07-28,14:37:27,2.0.5
argo-cd-3.10.2,2021-07-27,11:07:30,2.0.5
argo-cd-3.10.1,2021-07-27,01:33:24,2.0.5
argo-workflows-0.2.12,2021-07-21,16:02:29,v3.0.7
argo-workflows-0.2.9,2021-07-20,18:18:54,v3.0.7
argo-workflows-0.2.8,2021-07-20,18:10:55,v3.0.7
argo-workflows-0.2.11,2021-07-20,21:51:21,v3.0.7
argo-workflows-0.2.10,2021-07-20,18:25:05,v3.0.7
argo-cd-3.10.0,2021-07-20,11:41:23,2.0.4
argo-cd-3.9.0,2021-07-13,06:35:52,2.0.4
argo-cd-3.8.2,2021-07-13,06:26:07,2.0.4
argocd-applicationset-1.0.0,2021-07-12,10:54:40,v0.1.0
argo-cd-3.8.1,2021-07-12,11:07:21,2.0.4
argocd-notifications-1.4.1,2021-07-09,11:09:14,1.1.1
argocd-applicationset-0.1.7,2021-07-09,11:09:13,v0.1.0
argo-workflows-0.2.7,2021-07-09,11:09:12,v3.0.7
argo-rollouts-1.0.3,2021-07-09,11:09:12,v1.0.2
argo-events-1.6.4,2021-07-09,11:09:11,1.3.1
argo-cd-3.8.0,2021-07-09,12:34:38,2.0.4
argo-cd-3.7.2,2021-07-09,11:09:10,2.0.4
argo-rollouts-1.0.2,2021-07-07,15:18:22,v1.0.2
argo-cd-3.7.1,2021-07-05,09:53:30,2.0.4
argo-cd-3.7.0,2021-07-05,09:42:21,2.0.4
argo-cd-3.6.11,2021-06-29,08:49:22,2.0.4
argo-cd-3.6.10,2021-06-26,15:05:26,2.0.3
argo-workflows-0.2.6,2021-06-25,06:16:05,v3.0.7
argo-cd-3.6.9,2021-06-25,06:07:25,2.0.3
argo-workflows-0.2.5,2021-06-08,13:15:23,v3.0.2
argo-events-1.6.2,2021-06-07,08:36:00,1.3.1
argo-cd-3.6.8,2021-06-07,09:40:13,2.0.3
argo-cd-3.6.7,2021-06-07,08:52:24,2.0.3
argocd-notifications-1.4.0,2021-06-03,10:08:10,1.1.1
argocd-applicationset-0.1.6,2021-06-03,17:50:44,v0.1.0
argo-workflows-0.2.4,2021-06-03,17:11:17,v3.0.2
argo-workflows-0.2.3,2021-06-03,11:08:38,v3.0.2
argo-cd-3.6.6,2021-06-02,17:55:17,2.0.3
argo-workflows-0.2.2,2021-05-31,20:15:38,v3.0.2
argo-workflows-0.2.1,2021-05-31,16:32:09,v3.0.2
argo-workflows-0.2.0,2021-05-31,16:18:32,v3.0.2
argo-rollouts-1.0.1,2021-05-31,21:23:24,v1.0.1
argo-rollouts-1.0.0,2021-05-31,16:06:49,v1.0.1
argo-events-1.6.1,2021-05-31,16:09:51,1.3.1
argo-cd-3.6.5,2021-05-31,20:15:37,2.0.3
argo-events-1.6.0,2021-05-29,10:30:24,1.3.1
argo-cd-3.6.4,2021-05-29,14:37:41,2.0.3
argo-cd-3.6.3,2021-05-29,08:42:00,2.0.3
argo-workflows-0.1.5,2021-05-27,16:33:49,v3.0.2
argocd-notifications-1.3.2,2021-05-26,21:41:54,1.1.1
argo-workflows-0.1.4,2021-05-26,10:00:42,v3.0.2
argo-rollouts-0.5.5,2021-05-26,09:44:42,0.10.2
argo-events-1.5.0,2021-05-26,21:27:33,1.3.1
argo-events-1.4.3,2021-05-26,21:13:44,1.3.1
argo-cd-3.6.2,2021-05-26,10:35:46,2.0.1
argo-workflows-0.1.3,2021-05-25,06:06:50,v3.0.2
argo-rollouts-0.5.4,2021-05-24,21:34:19,0.10.2
argo-cd-3.6.1,2021-05-24,19:21:16,2.0.1
argo-cd-3.6.0,2021-05-23,12:25:54,2.0.1
argocd-notifications-1.3.1,2021-05-21,16:00:09,1.1.1
argocd-applicationset-0.1.5,2021-05-21,16:00:08,v0.1.0
argo-workflows-0.1.2,2021-05-21,16:50:29,v3.0.2
argo-workflows-0.1.1,2021-05-21,16:00:07,v3.0.2
argo-rollouts-0.5.3,2021-05-21,16:00:06,0.10.2
argo-events-1.4.2,2021-05-21,16:00:05,1.3.1
argo-cd-3.5.0,2021-05-21,16:43:57,2.0.1
argo-cd-3.4.1,2021-05-21,16:00:04,2.0.1
argo-1.0.0,2021-05-21,16:00:03,v2.12.5
